<?xml version="1.0" encoding="UTF-8"?>

<!DOCTYPE mapper
        PUBLIC "-//mybatis.org//DTD Mapper 3.0//EN"
        "http://mybatis.org/dtd/mybatis-3-mapper.dtd">

<mapper namespace="com.study.Pr03VMAns.dao.IProductDao">
    <select id="selectAll" resultType="com.study.Pr03VMAns.Product">
        SELECT * FROM product
    </select>

    <select id="findById" parameterType="_int" resultType="com.study.Pr03VMAns.Product">
        SELECT * FROM product WHERE id = #{id}
    </select>

    <insert id="insert" parameterType="com.study.Pr03VMAns.Product">
        INSERT INTO PRODUCT (name, price, limit_date) VALUES (#{name}, #{price}, #{limit_date});
    </insert>

    <update id="update" parameterType="com.study.Pr03VMAns.Product">
        UPDATE product SET name = #{name}, price = #{price}, limit_date = #{limit_date} WHERE id = #{id}
    </update>

    <delete id="delete" parameterType="_int">
        DELETE FROM product WHERE id = #{id}
    </delete>

</mapper>